latitude,longitude,NDVI,NDBI,AirTemp,Elevation,Slope,LST_Actual,LST_Predicted,Residual
18.450195467290666,73.7504436279213,0.5033479269314233,-0.014537888103167,24.18160997103025,615.0558659217878,4.2470583803770765,33.108595496140204,33.63156882739777,-0.5229733312575675
18.450650388096204,73.75091377425517,0.4820435145787812,-0.0272757249756194,24.19281634997983,612.9737711689386,3.61412060971283,33.53914806325281,33.78518381354111,-0.24603575028829994
18.451105307790154,73.75138392347577,0.4273603689875404,0.046377335462709,24.197673534130992,610.7008858780616,3.540487248691545,34.40582266006907,34.78289786926784,-0.3770752091987717
18.451560226020007,73.75185407503949,0.4337137003982146,0.031423324161287,24.199475106262213,608.3765089097529,3.6735856941368272,34.783092116547245,34.946564147492815,-0.16347203094557017
18.452015143159365,73.7523242293084,0.4713046156079936,0.0031216929677088,24.201069888192723,605.200090641287,4.070399312792623,35.464402604242025,35.158444388801,0.30595821544102364
18.45247005936189,73.75279438636089,0.4279851709611862,0.0386968383717335,24.201891715236272,600.8644718113744,3.95476514361591,35.487594082771835,35.49383682308419,-0.0062427403123521685
18.45292497403978,73.75326454585547,0.4032918209154356,0.0517052910444203,24.20249741405884,599.8730276004012,3.162447594578731,36.03836172279226,36.27399543166001,-0.23563370886775203
18.453379887641297,73.75373470805353,0.3894328591624902,0.0691094577032728,24.202961559807743,598.5514959327176,4.863732129121694,36.11765201747831,36.36338114960902,-0.24572913213071246
18.45383479995278,73.7542048728792,0.3989044793231486,0.0710119910867881,24.20338888540764,597.857829167006,5.0789744667034125,36.208614176721376,36.20704792261124,0.001566254110137777
18.454289711047817,73.75467504022129,0.4175183012007487,0.0550203645790112,24.20365587026651,596.2001608010817,4.686704334649833,36.005644562788085,35.9609373075281,0.04470725525998631
18.454744620870084,73.75514520999526,0.3980567736185254,0.0464500646467114,24.20384493514981,594.0101647621576,4.252413594023731,36.212635763491896,36.2108998665906,0.001735896901294609
18.455199529627038,73.75561538264023,0.3783429817795669,0.0491980569272274,24.20386383839121,592.6971845925391,3.6913187417818674,36.58088741853172,36.66591803480549,-0.08503061627377662
18.455654437129503,73.75608555790214,0.3797027195998147,0.0632806596380479,24.20386383839121,591.3960536569077,3.825574427706056,36.897660181581095,36.79232285342929,0.10533732815180485
18.456109343345258,73.75655573560296,0.3699423742989992,0.081799941171556,24.20386383839121,590.2906535052583,4.2727421470143865,36.75313379890414,36.77715046036181,-0.024016661457672228
18.456564248448984,73.75702591598966,0.3996385562752598,0.0646516103040786,24.20386383839121,588.7413651712496,4.123091804447347,36.04557392950146,36.18424618227992,-0.13867225277846273
18.457019152254656,73.75749609892465,0.4111056801452862,0.0400135119169767,24.20386383839121,587.0501939208083,4.107456786634256,35.591221309896525,35.795381184298606,-0.20415987440208028
18.45747405487339,73.75796628455528,0.4221682462080921,0.0192574453191422,24.203362158580003,586.6472695666921,3.441347268264827,35.714101833660656,35.72235368958963,-0.00825185592897526
18.457928956290264,73.75843647281997,0.4007098008922495,0.0192014074838187,24.202386469816624,586.0693275210461,3.2775865605973307,36.12320669162094,36.28622070984331,-0.16301401822236983
18.45838385653848,73.75890666353524,0.3780180162881361,0.0325802815035424,24.20246789452531,585.9836753202586,3.483864088393073,36.683068193207134,36.838619727333295,-0.15555153412616107
18.458838755498945,73.75937685691376,0.3790942052588673,0.0520370061808866,24.202537201680656,586.5147689931946,4.10321303261233,37.33733197326372,37.38892606037588,-0.05159408711215718
18.45929365328672,73.75984705295387,0.357776216662292,0.0768955256308019,24.20259938990501,588.8396714016774,4.464872454419,37.95916257975183,37.8493071349083,0.10985544484353227
18.45974854983551,73.76031725156544,0.3622446948920343,0.0408697148445999,24.202660062830347,589.8568961303462,4.00517409436129,38.38367052769159,37.95156064325832,0.4321098844332738
18.460203445154875,73.76078745272169,0.3302498537320945,0.0493345505059478,24.20237048008676,589.24200059226,3.816051824507362,38.65702513143779,38.30896255695537,0.3480625744824195
18.460658339283764,73.76125765650814,0.3029224970115746,0.0512402024171275,24.20165775523063,588.0860406091371,3.862091960097288,38.77238682081981,38.55143252651796,0.22095429430185476
18.461113232246525,73.76172786300266,0.2898357664901301,0.0583536274759316,24.20181726052492,586.8629760951621,4.100579926453147,38.55551166871741,38.380919054522494,0.17459261419491412
18.461568123942453,73.76219807198288,0.321066396783661,0.0421544743366367,24.201894167358795,585.4681389748878,3.8859287998433856,38.06602606728422,38.06889304207711,-0.0028669747928873335
18.462023014411425,73.7626682835701,0.3568033425325776,0.0384408632166489,24.20190486438788,583.8336183695931,3.704142675484808,37.51134613292089,37.4434587904101,0.06788734251079376
18.462477903676994,73.76313849775981,0.3707379272614715,0.0329427595877915,24.202036133561275,583.6153472931561,3.1012076116779217,37.21067680084486,37.124221755347456,0.08645504549740224
18.462932791755104,73.76360871459302,0.32854084934723,0.0628947002987431,24.201962433603622,583.5771356659919,3.1250608858840545,37.21784428396756,37.29479726947881,-0.07695298551125518
18.463387678629477,73.76407893399926,0.3292802047557742,0.052446303239622,24.20125098031465,584.2581809518138,3.2197844498308315,37.213979642090464,37.31916114159754,-0.10518149950707567
18.46384256431059,73.76454915605966,0.3426189768130417,0.040305071273312,24.201598064258476,585.1963185946655,3.396178039615765,37.0874145524789,37.18877402973382,-0.101359477254924
18.46429744881843,73.76501938072305,0.348309759756069,0.0316309432128935,24.201667909112185,586.0477508032839,3.232369833965531,37.18653264697707,37.109805829935254,0.07672681704181628
18.464752331891805,73.76548960788972,0.3170003188605265,0.0658154273972008,24.200075254161423,586.5779832405868,3.46016694008605,37.40954884215069,37.53263410872838,-0.12308526657768937
18.4652072138907,73.7659598376868,0.3416943899172128,0.0562744646716345,24.200382734462764,588.2132362201413,3.316456898720374,37.39741595923352,37.41448583701454,-0.01706987778101876
18.465662094744587,73.76643007019513,0.3612260506845738,0.0518975187497161,24.20082139249785,589.4040045673264,3.321896119522495,37.32355469136345,37.41950651234635,-0.09595182098290422
18.466116974315668,73.76690030519967,0.3644166861247546,0.052830965775886,24.202718796656622,590.7430689781645,3.4977682671817902,37.38331116654653,37.45974219010111,-0.07643102355458353
18.466571852709624,73.7673705428618,0.337451663933951,0.0713059536354201,24.202759090229332,592.8992812686664,3.8069951697147375,37.706083526678434,37.750312080458336,-0.04422855377990231
18.46702672984854,73.76784078310287,0.3424266933394789,0.0738223029399432,24.20287884742885,595.0554075352737,4.322174977405652,37.66092220907599,37.64214992249038,0.01877228658560881
18.467481605775887,73.76831102591949,0.3671247989939938,0.0641460811394156,24.202944970136212,597.0687140922901,4.705688860250963,37.2318502131626,37.08882301507511,0.14302719808749487
18.46793648053294,73.76878127137252,0.3799783051338181,0.0511869934481121,24.20302196893593,599.5326536432336,4.264680177223777,36.831312296519854,36.746878258235284,0.08443403828457008
18.468391354016138,73.76925151940591,0.3843055943384801,0.0484635312108571,24.20309468704174,601.7766410541677,4.202763121178128,36.595179286482335,36.58173829482021,0.013440991662122315
18.468846226324462,73.76972177000543,0.4037702348075616,0.0302262719559303,24.20318014697761,603.0898485260159,4.437893839958816,36.39283757184043,36.288408733084815,0.10442883875561648
18.46930109749783,73.77019202328937,0.3896991827743289,0.0310991504636712,24.203248662982716,604.0080518232571,4.59284165890261,36.319542063667456,36.28060557738554,0.03893648628191215
18.469755967371068,73.77066227919724,0.3762531997102866,0.0364080760270653,24.20331103231671,605.1612252993211,4.4475964332902045,36.37580136627631,36.30117640876283,0.07462495751348541
18.4702108360142,73.77113253763932,0.362333128071548,0.0380120867515809,24.20338578184416,606.6829345612199,4.0053076894129696,36.21787379195322,36.161366629566025,0.056507162387191556
18.47066570349829,73.77160279870435,0.3428946271443551,0.0452197913663686,24.203442989083317,608.3573834728528,4.181076122437365,36.18644431624825,36.194899809496576,-0.008455493248327173
18.47112056978177,73.7720730623397,0.3242458717576355,0.0641385615221531,24.20349943026501,609.9692624814322,5.1731672758735465,36.40582985816541,36.70471520244154,-0.29888534427612967
18.471575434778902,73.77254332858806,0.331494267879349,0.0540112784835722,24.20356578666783,612.2235149029756,5.952505100432664,36.76692847396569,36.68158027312075,0.08534820084494044
18.472030298590827,73.77301359743875,0.3206132550137801,0.0464882243666861,24.20361566430485,614.2696322139839,5.820472018045775,37.02038422349886,37.03617307835378,-0.0157888548549181
18.472485161241924,73.77348386890507,0.3041713630912747,0.0502608332992029,24.20366319428001,615.6744235741592,5.527575272628654,37.37310459669657,37.32114099300527,0.05196360369129849
18.472940022686604,73.77395414302377,0.3067509542149746,0.0519950257051648,24.20372456401094,616.5074227135734,5.794961428437025,37.47949005896141,37.393631511889915,0.08585854707149565
18.47339488285399,73.77442441963771,0.3055501043992907,0.0564136807539425,24.20376834098773,617.3813855363917,5.925052281570999,37.46421038322142,37.38476584585441,0.07944453736701007
18.473849741853428,73.77489469890858,0.3029411681269758,0.0535203161612333,24.203810299299526,617.6134740096094,5.851037121282111,37.373570113010494,37.31683557166117,0.05673454134932143
18.474304599662634,73.77536498079043,0.2870682161018821,0.0639851214447916,24.20385632173904,617.4325359610076,5.621562437826542,37.25928322651136,37.14141865294863,0.11786457356272706
18.474759456215097,73.77583526527337,0.3130448409265883,0.0568249015603255,24.20386383839121,617.1070133402404,5.656102843760429,37.08874289321212,37.01459049356619,0.07415239964593212
18.4752143115492,73.77630555234622,0.3072472453160184,0.0503655342362205,24.20386383839121,617.1727693080695,5.961006144001165,36.876213533670274,36.8596152142727,0.01659831939757339
18.475669165677647,73.7767758420029,0.3004650510843576,0.0503818728062207,24.20386383839121,617.609672031677,6.012670982968936,36.7915498349077,36.80964539253156,-0.018095557623858838
18.476124018618307,73.77724613426746,0.2999336172524905,0.0478932788738025,24.20386383839121,619.1404556446167,5.5227140716573935,36.842012775825225,36.76923731238608,0.0727754634391431
18.476578870346625,73.77771642916349,0.3051013251892972,0.0500468543219344,24.20386383839121,621.1101736343716,5.279159060191859,36.921060640389605,36.87767201829994,0.04338862208966532
18.47703372086593,73.778186726615,0.31650818380439,0.0575326155094799,24.20386383839121,622.8912543460809,5.210570596197934,37.02265167879273,36.96038588374003,0.062265795052695694
18.47748857015125,73.7786570267193,0.332689766741736,0.0525159004360856,24.20386383839121,623.8629916296002,5.571987268614356,36.88982349069644,36.72544998690883,0.1643735037876155
18.47794341826779,73.77912732938712,0.3261699730323723,0.0543662219212015,24.20386383839121,624.5213250541384,5.663847267488582,36.74072424753536,36.6991871585074,0.04153708902796183
18.478398265164248,73.77959763465526,0.3143101976850631,0.0548883599774074,24.20386383839121,625.1371833186158,5.466252816701471,36.76194979333846,36.77365015019559,-0.011700356857133443
18.478853110826083,73.78006794254858,0.321137931234093,0.0536548273310415,24.20386383839121,625.7611755151078,5.360664946521127,36.71744058320169,36.703176405502894,0.014264177698798619
18.479307955309228,73.78053825300616,0.3357702460427652,0.0478974677464027,24.20386383839121,626.2720972151451,5.26237798762838,36.56611556527008,36.451074501855985,0.11504106341409681
18.47976279855379,73.78100856612696,0.3271453494903344,0.055398454514394,24.20386383839121,627.4778413480491,5.7448545955602,36.39820268750975,36.418422449506075,-0.020219761996322916
18.480217640579923,73.78147888179925,0.3268263642751407,0.0489403112745113,24.20386383839121,629.0312669351484,6.005402713226393,36.10436073219668,36.200450035520205,-0.09608930332352372
18.48067248138834,73.7819492000748,0.3486508241068051,0.038903098615702,24.20386383839121,631.0334789166087,6.075714954154877,35.838487102335336,35.810948168289926,0.027538934045409746
18.481127321026328,73.78241952100409,0.3588079518106541,0.0290459894483329,24.20386383839121,632.65112289296,6.155965858548523,35.67835662959768,35.718825825902265,-0.0404691963045849
18.48113340692412,73.78336652843714,0.3531838592706385,0.0389254067281545,24.20386383839121,632.7277599856513,6.19876262710008,35.67455806530664,35.71044706294527,-0.035888997638629405
18.481588243143374,73.78383685455545,0.3453509853977811,0.0403383619547564,24.20386383839121,632.5284538883866,5.914664280802299,35.68611911935428,35.72712095392601,-0.041001834571730456
18.48204307811108,73.78430718330577,0.3395644566667273,0.0449453547868942,24.20386383839121,632.0603924110587,5.993599062358912,35.82578325612445,35.89049434828988,-0.06471109216542459
18.48249791190747,73.78477751461611,0.3310464525091348,0.0450402266697398,24.20386383839121,631.5775289726963,5.663419277404616,36.03257233296896,36.06843466175974,-0.03586232879077755
18.48295274448888,73.78524784858173,0.3049911945843811,0.0521354832861618,24.20386383839121,632.1043337595407,5.811812378013311,36.2280613636643,36.317754806839496,-0.08969344317519301
18.48340757588312,73.78571818513909,0.3068194114256683,0.0520237271871064,24.20386383839121,632.7726392031714,6.486436684538744,36.24915435778473,36.27844061911676,-0.029286261332025276
18.4838624060776,73.78618852428221,0.3139488578840326,0.0436631742933434,24.20386383839121,633.9226210960512,6.431312795796724,36.16851658547889,36.17847284918824,-0.009956263709348434
18.484317235030385,73.78665886606444,0.3008334707074987,0.0430306857925124,24.20386383839121,634.3679200956465,6.565854588882443,36.17091221707874,36.17733577947341,-0.006423562394672899
18.48477206275287,73.78712921038114,0.2932382769927489,0.0458442924549456,24.20386383839121,632.9902668009164,6.840295664923295,36.20557771688121,36.20460316916383,0.0009745477173765948
18.48522688928132,73.78759955735345,0.28973616653147,0.0454072276064049,24.20386383839121,630.3596482480399,6.89411818818038,36.15145212845314,36.17669580886657,-0.025243680413431946
18.48568171461396,73.78806990688136,0.2911242723984849,0.0411291718813938,24.20386383839121,626.6239337277668,7.056356326764452,36.16028059482378,36.2247041581205,-0.06442356329672094
18.486136538756124,73.78854025904734,0.2856937977485694,0.0323503683830362,24.20386383839121,622.5550122357578,6.579437153705342,36.357744914233415,36.403567149789424,-0.045822235556009616
18.486591361686944,73.78901061379398,0.2875152830488999,0.0320065103680233,24.20386383839121,619.3188240686176,6.027338840494781,36.473719985230005,36.493336220679915,-0.019616235449909425
18.48704618337686,73.78948097114117,0.290279190328451,0.0344328744934413,24.20386383839121,617.2213110159657,5.714573058283244,36.47465773032935,36.524630700150766,-0.04997296982141819
18.487501003865454,73.78995133109616,0.2837678848654072,0.0337800379765209,24.20386383839121,616.5930279674636,5.353581759195363,36.54138773083386,36.57603655520301,-0.03464882436914962
18.48795582314229,73.79042169367219,0.2736532200283388,0.0406356899131432,24.20386383839121,615.4475545079551,5.33716887203597,36.59229762909971,36.67238554562105,-0.08008791652133596
18.48841064122811,73.79089205880733,0.2806791046970828,0.0359114033219585,24.20386383839121,614.3990607789952,4.97228680515293,36.68517009354522,36.72932229734538,-0.044152203800159384
18.48886545811751,73.79136242650377,0.2758389706841054,0.0358175435403837,24.20386383839121,613.3900463105891,4.842416600974859,36.76437776010668,36.774716432826835,-0.010338672720152431
18.48932027374786,73.79183279686461,0.2710261541329229,0.0307193384783073,24.20386383839121,613.6471542072217,4.731053137273091,36.86313540298234,36.85653579360559,0.006599609376749527
18.48977508821364,73.79230316986279,0.2750551397016129,0.0251369638081421,24.20386383839121,614.724657187511,4.859179770520818,36.89258933824536,36.785982653312885,0.10660668493247272
18.49022990145819,73.79277354540315,0.2725311264173041,0.0291458243944217,24.20386383839121,615.2320494512702,4.80008888309198,36.977131572647465,36.91325998764136,0.06387158500610468
18.490684713482413,73.79324392352984,0.2558818489692209,0.0350320334698945,24.20386383839121,616.1861428840776,5.1897681087961125,37.141974073582816,37.05721034404154,0.08476372954127243
18.49113952430513,73.79371430428493,0.2525422692714794,0.0314682383416911,24.20386383839121,617.4726448550571,5.390420200424486,37.070518074674936,37.578099769085796,-0.5075816944108595
18.49159433393125,73.79418468765648,0.2707813941838248,0.0261100943604727,24.20386383839121,618.3947410947204,5.539488240301982,36.79807224119262,36.774415015256544,0.023657225936076998
18.492049142350773,73.79465507360774,0.270653987987845,0.0301348971844187,24.20386383839121,618.7563518162975,6.054447877158108,36.75873461579653,36.72664523123468,0.032089384561849954
18.4925039495346,73.79512546212399,0.2592229903098778,0.0418021529318176,24.20386383839121,618.3720017903687,5.854042584969507,36.8645380637175,36.93075992625119,-0.06622186253369478
18.49295875553365,73.79559585329089,0.2706206259865883,0.0379545618836252,24.20386383839121,618.4612199875535,5.924317882830617,36.87462987258207,36.830996508279696,0.04363336430237297
18.49341356035157,73.79606624704311,0.2795510021619771,0.0312626385469012,24.20386383839121,618.5554581614608,5.590891848990047,36.77437200491229,36.72883193902602,0.04554006588626436
18.493868363931767,73.79653664338355,0.2757238987315217,0.0255140806537934,24.20386383839121,618.1395032658769,5.694097849564807,36.62180703482911,36.66638227777506,-0.04457524294594606
18.49432316628597,73.79700704236005,0.2751867857261055,0.0212937111656689,24.20386383839121,617.288294601927,5.98375221832444,36.60058429716801,36.629065491828015,-0.028481194660002984
18.494777967438004,73.79747744389192,0.2672101917735185,0.0234273157320477,24.20386383839121,616.5050088391276,5.498222639757344,36.705644328055385,36.69531924957747,0.010325078477912086
18.49523276741236,73.79794784801227,0.2564030394791693,0.0281118984294307,24.20386383839121,616.6407754289571,5.070950012983455,36.90793739111816,36.95240143309847,-0.044464041980312174
18.495687566157653,73.79841825481756,0.2618457516594645,0.0279925078776271,24.20386383839121,617.2328151562417,5.111669986985043,37.08594842901596,37.02645395681768,0.059494472198274195
18.49614236367509,73.79888866410636,0.2620332493249364,0.0311551297523145,24.20386383839121,617.6348296301429,5.033014138261658,37.049359032253385,36.99606105149377,0.05329798075961634
18.49659716001676,73.79935907605558,0.2716273390865845,0.0290298057725917,24.20386383839121,617.4066197018691,4.997752955950579,36.919152416049485,36.89517142474696,0.023980991302522625
18.497051955160035,73.79982949064134,0.2617433705458954,0.0310273084895701,24.20386383839121,616.8092309787702,4.945051651607635,36.79995881169963,36.87236927997585,-0.07241046827621744
18.49750674910755,73.80029990776372,0.2655612515184322,0.0247193166841516,24.204478421358758,616.2076211965579,4.931868131597087,36.594770659722265,36.673262987140475,-0.07849232741821055
18.49796154177014,73.8007703275043,0.2731691863114675,0.0240580952733544,24.2065005643886,616.2069097786236,5.170275756660379,36.4493390035885,36.51286743105294,-0.06352842746444054
18.498416333257563,73.80124074983712,0.2882513577091314,0.0184848864664826,24.20848318434134,617.3061344679618,5.389624254589254,36.35406868537327,36.39524399662451,-0.04117531125123719
18.49887112361691,73.80171117480255,0.2837026078386527,0.0249717318122094,24.21042503362341,618.3780003928496,5.322826922696166,36.40989459744105,36.43423235215124,-0.02433775471018862
18.49932591269157,73.80218160230494,0.2940570188206335,0.0212383717823772,24.212336975589903,619.1687945194809,5.120267436547209,36.505132107826086,36.445360097715344,0.05977201011074129
18.49978070053777,73.80265203245173,0.308582270180915,0.0153884943097719,24.214212466980666,619.1970796576956,4.789853792101832,36.39674298619232,36.35412684720704,0.04261613898528083
18.500235487270903,73.80312246519419,0.3137959123671328,0.0154606735843838,24.216278175318173,619.0211470161963,4.615214507515033,36.26833218657608,36.27938626619489,-0.011054079618808998
18.500690272744222,73.80359290054591,0.2935406062886833,0.0255730698787552,24.22033632193015,619.0043437497036,4.492890956500397,36.24195701574652,36.26081098036409,-0.01885396461756983
18.501145056982967,73.8040633384846,0.289076397435664,0.0304129298916626,24.2243295228962,618.9867195503638,4.37576553864379,36.28629041857312,36.259953257600976,0.02633716097214034
18.501599840032128,73.80453377900494,0.3008135253212313,0.0275811061951971,24.22825421995795,618.9240827466423,4.308998244590918,36.23456017301324,36.201057878769944,0.033502294243298536
18.50205462187891,73.80500422211735,0.3040687542878624,0.0241679623861339,24.232102229718954,619.0767535094777,4.354104698630373,36.153615064242096,36.14898987153883,0.004625192703265668
18.50250940251356,73.80547466788066,0.317654505538152,0.0182426260679861,24.235890730126663,619.1436406085489,4.529257710007472,35.960354604272055,36.035666624588856,-0.07531202031680095
18.502964181985504,73.8059451162335,0.3293096889193905,0.0138885081827414,24.23961610846236,618.8985479654888,4.655903918702539,35.823365853629376,35.800125355557064,0.023240498072311766
18.50341896022024,73.80641556713688,0.3323023123655646,0.0151321489536519,24.243269877582804,618.8729247004463,4.792071293947072,35.67833559326105,35.70937159706737,-0.031036003806313772
18.50387373722798,73.80688602063425,0.3425618704231621,0.0132236505078939,24.24686902570409,618.0348159541151,4.861364689038183,35.466179186059414,35.4494850967639,0.016694089295512526
18.504328513037088,73.80735647677936,0.3443564948943741,0.0123017463714017,24.25040990254155,616.4058721272828,5.2279835422070855,35.29746787218982,35.322716847013886,-0.025248974824066295
18.504783287679807,73.80782693553076,0.3439998534103964,0.0137147395365669,24.253883763717035,614.7378269711766,5.339913349756784,35.14339489655309,35.187264213520855,-0.04386931696776486
18.505238061093507,73.80829739686634,0.3414339317281529,0.0162960988579882,24.25730741085028,614.0735317588144,5.447036215118377,35.07212543482216,35.1894617192178,-0.11733628439564114
18.50569283326045,73.8087678607658,0.3463021694063232,0.0101905258901563,24.2606771700803,614.3596475846895,5.553221032965441,35.14948502334427,35.19428314932638,-0.04479812598211197
18.50569875391908,73.80971504278381,0.3634855206975393,-0.0040725288488602,24.26375385914436,615.8445385069604,5.716852285069471,35.24057665517609,35.277346460245646,-0.03676980506955374
18.506153522393515,73.81018551219819,0.355118837132325,-0.0029855698117252,24.267016430524205,617.3000992567029,5.529074323556626,35.33468603480567,35.33698184362838,-0.0022958088227085227
18.5066082896298,73.81065598419957,0.3422833700136609,0.0019244838767316,24.270854404216887,618.2829473825375,5.020667358148636,35.40709248946755,35.414677044679806,-0.007584555212254429
18.50706305570104,73.81112645880428,0.3475219429565859,-0.00015096901218511022,24.274203382575383,618.1885367692713,5.1700982777246125,35.43488958434801,35.414586243124766,0.020303341223240068
18.50751782056225,73.81159693600594,0.3501382147781355,-0.0016151139048034,24.277309657273168,616.6629955704433,5.785712217615431,35.38407760614749,35.36025320618368,0.023824399963814358
18.507972584253068,73.81206741584889,0.3262543153263887,0.0060715915182147,24.280400078027736,614.22769801845,5.526821804515502,35.500296571129965,35.616917420517275,-0.11662084938730999
18.508427346684027,73.81253789825764,0.3007516011612223,0.0087853996091396,24.283384731286557,611.8006796366246,4.795418028915475,35.69873224151915,35.84644701023746,-0.14771476871830913
18.50888210789576,73.81300838322396,0.2904682568114309,0.00721391260903,24.28632117181572,610.0562560881756,4.320396708411232,35.84556183097789,35.91661099793113,-0.07104916695323737
18.509336867946125,73.81347887081226,0.2870150821759974,0.0130203750081965,24.28923270959443,608.6934488010043,4.2842004967792375,35.95717504573513,36.00252049809473,-0.045345452359605076
18.509791626787138,73.81394936107088,0.2832826423756778,0.0183416619735605,24.292098434160607,607.9165272631016,4.53753170193155,36.10972515761702,36.16665915546926,-0.056933997852240736
18.510246384391625,73.81441985382958,0.2964803693357882,0.0101370726702569,24.294909122982897,607.8811650403702,4.849284978239296,36.26031151499488,36.20736933433954,0.05294218065534295
18.51070114080489,73.81489034920232,0.3041598230180485,0.0083188931566953,24.297719443554403,608.04321547768,4.949843123912631,36.27331705303854,36.21630244491844,0.05701460812009884
18.511155896061837,73.81536084721745,0.3091323248518042,0.0022751715176193,24.300468463573328,608.2009404445498,4.929583878816289,36.07000972423304,36.10083070320928,-0.030820978976244362
18.51161065004005,73.81583134781165,0.3085780537140401,0.0043133304513249,24.30295619998165,608.652616899857,4.653707668179096,35.976134093337784,36.01516864429507,-0.03903455095728958
18.512065402822245,73.81630185096743,0.3122017282923341,0.0009598764710223072,24.305341580309648,608.8847514700064,4.811794255841179,36.01160146295425,36.02226853482512,-0.010667071870869904
18.51252015445673,73.8167723567443,0.3049768507332477,0.0026255926994658,24.30808452577378,608.9414912205175,4.770095147336773,36.06309406794328,36.04976651588996,0.01332755205332603
18.512974904859345,73.81724286517917,0.3037927900662174,0.0036662166659866,24.311086916059946,608.4552669479997,4.827084821674757,36.11280858541952,36.10926773754591,0.0035408478736087545
18.51342965403188,73.81771337611644,0.3067405283818494,0.0045231122529276,24.313655977530885,607.5881596684804,4.79854091449414,36.21122250070683,36.22165902104847,-0.010436520341635003
18.513884402034076,73.81818388967937,0.3018751355806321,0.0085663954704872,24.316168472126872,606.501587545513,4.7334266568001215,36.38897373071856,36.41137190014557,-0.022398169427006565
18.51433914882963,73.81865440586823,0.2984878602753123,0.0125005076239003,24.31861826661425,605.6584382225769,4.701217491961493,36.55517303725028,36.53677172321743,0.01840131403285028
18.51479389439786,73.81912492464812,0.3030308286726088,0.0113012372940675,24.321057887350808,604.8187139221192,4.787245989960387,36.568645419240376,36.56182021560483,0.0068252036355431756
18.51524863876135,73.81959544601354,0.2992403914483786,0.0134244397468816,24.323473143541964,603.9344844161949,4.742311914743264,36.52421281675098,36.553416041928216,-0.02920322517723406
18.51570338192121,73.82006596997913,0.3031821629482176,0.0092756931047575,24.32582384900815,603.2657912085515,4.393958950892703,36.54721871540062,36.57192139131182,-0.024702675911200345
18.516158123910728,73.82053649657192,0.307899894035769,0.0050056871095614,24.328189565702548,602.8481299123026,4.481813702507703,36.62759584325719,36.63873126721812,-0.011135423960929813
18.516612864672314,73.82100702569102,0.3047061431381038,0.0075672082742103,24.3305111898661,602.7745172184163,4.794021714380589,36.66470078760681,36.67397172841696,-0.00927094081014701
18.517067604213707,73.82147755742683,0.3065783131264176,0.0080472629022764,24.33275880748476,602.8335056656712,5.018226967105951,36.758384352468816,36.730685447355064,0.027698905113751948
18.517522342551533,73.82194809183628,0.3125195152908018,0.0059830493328737,24.33500218663833,603.4831632126051,4.8193610398198565,36.82449624867447,36.78569560286442,0.03880064581004916
18.51797707971965,73.822418628766,0.3150617595538188,0.0065140301104523,24.3372313236451,604.01547340072,4.40359843667207,36.82502804603714,36.793289321290665,0.0317387247464751
18.51843181569877,73.8228891682887,0.3124102081668599,0.0016350261424466,24.339399753691065,604.201887943653,4.238528158616056,36.810492191690926,36.78749367236039,0.022998519330535316
18.51888655041792,73.82335971044162,0.3009959743313941,0.0024138945764612,24.34157415604912,603.5144914027413,4.184219925177966,36.768123959161166,36.75163277219491,0.016491186966256066
18.51934128395417,73.82383025520244,0.3063133708673459,0.000660169502066743,24.34371579859264,602.4152988597988,4.341338985041762,36.69082517786026,36.712558935139924,-0.021733757279662314
18.519796016289785,73.82430080255162,0.3032599776499189,0.003184420907813,24.345798451237982,600.9133600125576,4.742920787485127,36.6250030907954,36.64545425626408,-0.020451165468678312
18.520250747408927,73.82477135248763,0.3016785787844269,0.0033807261994151,24.347878071269346,598.8102322935165,4.971426992859864,36.67434461085282,36.674119825031475,0.00022478582134510816
18.5207054773509,73.82524190499976,0.2970803909070665,0.0034606813561623,24.349937046454755,596.8953623220914,4.730670217947353,36.70738217543409,36.71495222579864,-0.0075700503645492745
18.52116020606365,73.82571246012445,0.2921806470344598,0.0034368219178809,24.35189343675756,595.6318580870671,4.489890394941248,36.79801781453557,36.84384701055489,-0.04582919601931934
18.52161493359336,73.82618301785662,0.292512252117436,0.0006970352757824799,24.353732906528688,595.2082318180609,4.414274142748168,36.92703824700987,36.89491274351754,0.03212550349233112
18.522069659942236,73.82665357819029,0.2888348305354097,0.0037996213637582,24.35571183185795,595.2398915366447,4.0771867384220215,36.96679228635975,36.93956236055519,0.027229925804554966
18.522524385016062,73.8271241410995,0.2841580187485913,0.0080954411686195,24.357653949242977,594.7282500366882,3.996063843745168,36.97170218140704,36.95583982719743,0.015862354209609464
18.5229791089495,73.8275947066136,0.2942057062107956,0.0015990822937219,24.359547452304497,593.4185674408893,4.278219896377901,36.93293857940308,36.911560600427386,0.021377978975692713
18.523433831665532,73.8280652747115,0.2958635388574887,-0.0046953774651392,24.361248767191768,591.7599201375981,3.978869764701383,36.84978137313065,36.825110803375594,0.02467056975505244
18.523888553171545,73.8285358454096,0.3018041465416438,-0.0086509109924044,24.36311429568319,590.2683309815524,3.7400324026979113,36.78603222256893,36.71923561970271,0.06679660286621925
18.52434327344345,73.82900641871714,0.297917469998101,-0.0072507271478505,24.3648245006381,589.4311777576174,3.48872618158285,36.78196083177133,36.78878187836965,-0.006821046598318503
18.52479799255823,73.82947699466646,0.2903236744319237,-0.0024647328984121,24.366614892484247,589.032832831558,3.321502439887882,36.84968257999218,36.86264156432323,-0.01295898433105691
18.525252710495035,73.82994757312342,0.298064774154432,-0.0032271617444718,24.368442696643488,588.7803230630158,3.443074095026594,36.85010833072461,36.82678277213892,0.02332555858568952
18.52570742717157,73.83041815423444,0.3048169525159654,-0.0072907982277423,24.37026572531608,588.7092459104376,3.4722298889193794,36.81120840507093,36.79028990500765,0.020918500063281442
18.52616214263543,73.8308887379281,0.2999212191522973,-0.0036133438787025,24.372050504484843,588.8513647601297,3.351698368807265,36.79098980929401,36.79221198637653,-0.0012221770825178169
18.526616856942464,73.83135932420267,0.3002605341423233,-0.0009698461944229012,24.373750839274148,588.9791364503119,3.3670484766428728,36.783659102133214,36.78602899605321,-0.0023698939199974234
18.52707157003721,73.8318299130945,0.2967068319770129,0.0021542055191554,24.375382917199342,588.5598580379907,3.452640775322531,36.77659365397052,36.78928076434083,-0.012687110370308119
18.527526281914376,73.83230050456734,0.2994881246031115,0.0012496554035567,24.37708707242582,587.8150765582474,3.553600241330801,36.86589660208905,36.82329962459691,0.04259697749213842
18.527980992631274,73.83277109862092,0.2930375359698577,0.0029087006465256,24.378798704055555,587.1498055863096,3.3675519535697367,36.934132428372685,36.901036991014266,0.03309543735841913
18.52843570209837,73.83324169530493,0.2947602803030537,0.0011448820552739,24.38048304075589,586.6856213160323,3.2735460164813004,36.86496098726284,36.85343214726809,0.01152883999475307
18.52889041034929,73.8337122945915,0.305043504540182,-0.0058370110726293,24.38243812157784,586.3978476654515,3.33369886511645,36.64341897973921,36.689896599474295,-0.046477619735085796
18.52934511744161,73.83418289645077,0.3078764823191919,-0.0093723390200199,24.38439567546544,586.1828459632608,3.3585363999823565,36.55302592011403,36.563047833753295,-0.010021913639263857
18.529799823358324,73.8346535009065,0.3053924457128523,-0.0106289949176193,24.386027368611924,586.1150300673002,3.2581360698405017,36.5488899639487,36.553589764614536,-0.004699800665832754
18.530254527996117,73.83512410794772,0.30011529997947,-0.0096239325917356,24.387628969016816,585.7946466038013,3.270538427477301,36.58059311882662,36.57698530094404,0.0036078178825817986
18.530709231453432,73.83559471760427,0.2956325072910568,-0.0117609908528927,24.389213650313163,585.1389903473728,3.3479554672545198,36.555906300581,36.575465178055246,-0.019558877474246117
18.531163933729328,73.83606532985861,0.3064398507872448,-0.017757443843977,24.390788860082917,584.2651496612086,3.288223827859857,36.47744708721991,36.502585067133175,-0.025137979913267827
18.53161863478492,73.83653594471077,0.3010006373873525,-0.0141079406879349,24.392337591489294,583.5304121473357,3.1515789004806343,36.48421907248729,36.50739888715196,-0.023179814664665344
18.532073334671978,73.8370065621459,0.2948855419693625,-0.0077158224535624,24.393873933379496,582.9633387361964,2.999383851006615,36.54422832021904,36.614808753839895,-0.07058043362085442
18.532528033363104,73.83747718216496,0.2976935469122045,-0.0073515268929988,24.395400307333265,582.3692376424276,2.9377707380914067,36.62261672721631,36.63452294491949,-0.011906217703177902
18.532982730797464,73.83794780480227,0.305769608144544,-0.0050493565536727,24.39698021372312,582.0854506073648,2.8279294963856545,36.68251195340967,36.695186309729365,-0.012674356319692492
18.533437427060008,73.83841843002385,0.307107507532819,0.0003638899093024924,24.39867894024165,581.9504701189754,2.8693013547692026,36.74491013684703,36.74151279619499,0.0033973406520431126
18.53389212214336,73.83888905784119,0.3008635647879253,0.0070673927304437,24.399899794590397,582.0379286298996,2.976675497102491,36.74139369407262,36.71814448621226,0.02324920786035989
18.53434681597644,73.83935968823262,0.3025839972299006,0.0062573355070205,24.40134560856653,582.5693540423697,3.17824070163497,36.64641496191557,36.659606458264356,-0.01319149634878869
18.53480150862153,73.83983032130922,0.2995452680683936,0.0123397064741243,24.40277184189966,583.0640726465807,3.1404555747718104,36.605406296942576,36.64151913548953,-0.03611283854695557
18.534807325435978,73.84077764252996,0.3031316055289981,0.0140784893272134,24.40400579136777,583.3821062284767,3.1729498206401594,36.638470819391856,36.65521266505535,-0.016741845663496235
18.534813137472007,73.84172496411061,0.2990431777850695,0.0154199506495866,24.40514020366469,583.4875240461979,3.333123154461857,36.68041136102436,36.679095292970295,0.001316068054066477
18.534818944783424,73.84267228608947,0.3061667395041053,0.0127048628230409,24.40627518574936,583.4516152609276,3.3760157089683127,36.71367193572184,36.70359630243986,0.010075633281978469
18.53482474732564,73.84361960842219,0.3040195916181379,0.0121422258960266,24.40741605238063,583.1724689022249,3.323061505416112,36.73190321408831,36.70877681629995,0.02312639778836001
18.534830545092863,73.84456693105207,0.3026574519862456,0.0113827779402177,24.408543200317546,582.8398605416265,3.285484375819184,36.672477334038206,36.68797181624563,-0.015494482207422777
18.5348363381854,73.84551425405733,0.297181852007113,0.009518676993017,24.409683217793184,582.246427212955,3.168387812911253,36.7432014154502,36.73364773061897,0.00955368483123209
18.53484212650256,73.84646157742829,0.2867545841497276,0.0152048573390521,24.410829447829823,581.663585865483,3.1114535530696323,36.92201135901306,36.958006035875044,-0.0359946768619821
18.534847910047525,73.84740890111551,0.287453682098962,0.0122643833865594,24.411959336591977,581.0473497215099,2.9998492057473465,37.09105835872749,37.11911149138711,-0.028053132659621838
18.534853688860498,73.84835622517534,0.2958373548629518,0.0078225538718101,24.413096008814424,580.8339009978163,2.963732124648533,37.169922687561694,37.18025702320549,-0.010334335643797488
18.53485946289899,73.84930354961718,0.3022037731039139,0.0080836841955781,24.41423500904873,580.5374687300609,3.024227531310828,37.28820503006127,37.251874025294256,0.03633100476701401
18.53486523221728,73.85025087432459,0.2907675414484347,0.0181501460603378,24.415367610074902,580.1569979662889,2.848691852500109,37.452333053827374,37.407938267950556,0.04439478587681833
18.53487099679508,73.85119819942044,0.2918269877175572,0.0153367054777735,24.416504733513133,579.6376205908255,2.728462881396028,37.49208754303818,37.43702866539371,0.05505887764446982
18.53487675661636,73.85214552488645,0.3071277483320116,0.0075612202566431,24.41764365107784,579.0804313868537,2.802159933641128,37.23400358031869,37.2203727321441,0.013630848174592813
18.534882511648725,73.85309285066752,0.319075103860181,-0.0024626722992465,24.41877585763441,578.4304645920431,2.788824671500221,36.89383705450106,36.84910524033476,0.04473181416630467
18.534888262016157,73.85404017681607,0.3175831121416713,-0.0029816225660743,24.419912722093468,577.8017896010583,2.779730093709732,36.67961708990951,36.74823687257662,-0.06861978266710622
18.534894007588477,73.85498750329288,0.3186622164026699,0.0007490564908871895,24.421053582112005,577.5617880004334,2.9260040356165424,36.74835463670813,36.83347976929298,-0.08512513258484944
18.534899748420838,73.85593483012372,0.3152488710992167,0.0016516403922918,24.422181206658525,577.4793813468629,2.8536705271690197,36.88763285057835,36.94372334453804,-0.05609049395969379
18.53490548450481,73.85688215732578,0.3164597619712748,0.0013366701208553,24.42331583047051,577.4801252859118,2.7732221546334026,37.041272057113325,37.004655128676525,0.03661692843679987
18.53491121583549,73.85782948486109,0.3145753968476925,0.0047875558133477,24.42445985656779,577.6944165893369,2.935804059615139,37.08326552029078,37.0827805200901,0.0004850002006833165
18.53491694241712,73.85877681271371,0.3115144433182037,0.0041251261517541,24.42559256211062,577.9096469285151,2.9517538302140136,37.06312836121347,37.08542028545924,-0.022291924245770645
18.534922664244004,73.8597241409188,0.3017486454256911,0.0104458237101046,24.4267284529431,577.9641293068248,2.9528911351539557,37.08922397570674,37.147371298466936,-0.05814732276019896
18.53492838133986,73.86067146948187,0.2945397452962586,0.012896028816301,24.428934135859155,577.8494841503673,2.9818349056251248,37.258216897172815,37.249505799844655,0.008711097328159667
18.534934093680288,73.8616187983756,0.287265877572641,0.0168353517087392,24.43158301347009,577.4189671783068,3.0760672567648952,37.31880658083543,37.31307635322707,0.005730227608360394
18.534939801275247,73.86256612765922,0.3013024501790197,0.0088271557769371,24.434243487592127,576.9026283946039,3.135406628218463,37.19118160463534,37.21720275898683,-0.026021154351489884
18.53494550414826,73.8635134572339,0.3065542843568335,0.0062808508174253,24.436907078934297,576.5485964961506,3.019499718685749,37.14308607064887,37.17757754657292,-0.03449147592404955
18.534951202240837,73.86446078715291,0.3036507123192142,0.0118317184682116,24.43955595654525,576.3269242641068,3.0817672406346714,37.19741394013689,37.204199382472844,-0.006785442335953462
18.534956895569195,73.86540811748313,0.3076677854937339,0.0095356195790219,24.442216430667276,575.8605444852791,3.182819762641521,37.18657404949729,37.20007571853923,-0.013501669041943387
18.534962584181685,73.8663554480937,0.3137886586463005,0.005892030968347,24.44503793581861,575.1370635388308,3.1833461339634104,37.17914981831654,37.19491192219553,-0.01576210387899124
18.53496826805516,73.86730277903293,0.3146758828687926,0.0041237068821276,24.44797852164761,574.833061144316,3.0997261657270445,37.18859172970452,37.168045684046454,0.02054604565806528
18.53497394716108,73.86825011035475,0.3131156776612183,0.0053327299404188,24.450961057257384,574.3768558166712,3.261756439663337,37.31734497776964,37.279993995301844,0.037350982467799554
18.53497962151104,73.86919744202235,0.3058778528131443,0.0063856995666287,24.4539472122146,573.8106518506042,3.1906552308440257,37.41367899454767,37.36112461669123,0.052554377856445456
18.53498529113208,73.8701447740161,0.2967769739930971,0.0091787077525375,24.45691680958635,573.5440319518099,3.023116132810997,37.41915107796832,37.36966929962108,0.049481778347242766
18.53499095599407,73.87109210631992,0.2993702736356966,0.0090634254918899,24.45989916991152,573.1184005724015,3.133660317919769,37.37921140366221,37.350225271833224,0.028986131828986572
18.53499661611722,73.8720394390409,0.3117865699664278,0.0052742504558738,24.462885999983957,572.8948629778183,3.0310508958080478,37.25118389318699,37.20544946090923,0.04573443227776153
18.535002271473893,73.87298677206178,0.3171183076830047,0.0021535921527631,24.465856368895487,572.8895489269024,3.132418924296474,37.11144657642758,37.09849848120048,0.012948095227102385
18.535007922106104,73.87393410541041,0.3195391243688951,0.001346541545864,24.468837633134825,572.7801229531223,3.096194047695921,37.0006922113026,37.03301428119465,-0.03232206989205366
18.5350135679743,73.87488143910139,0.3190725599980791,0.0036469789300797,24.47182378809207,572.5428047628395,2.941585963549104,36.9506541055023,36.994479168242286,-0.04382506273998388
18.53501920909651,73.87582877313675,0.3092954620461827,0.0108547364479572,24.47479338546382,572.3954354556593,2.856698285479471,36.97681689681408,37.033432275424836,-0.056615378610757716
18.53502484549269,73.87677610753116,0.3122557737164937,0.0066717487122538,24.477775921073544,572.1602548973322,2.88006520319717,37.0510397274697,37.06440263182437,-0.013362904354671912
18.53503047711389,73.87772344228006,0.3210242931632673,0.001449572798956,24.480762076030803,571.8255427411583,2.955762551350124,37.08493615457849,37.060315962659274,0.024620191919218826
18.535036104010985,73.87867077731183,0.3234710506217038,0.0013019788021686,24.48373167340254,571.4572569707512,3.0654092984875696,37.09945375740904,37.04589135723176,0.053562400177277425
18.535041726132285,73.87961811272007,0.3142869439002267,0.0033389723962733,24.48671420901225,571.0268177918626,2.8859200911666023,37.10819752981758,37.08723084697756,0.02096668284001879
18.53549638551224,73.88008881474241,0.3226062048406951,-0.0014218336479307,24.488747619021453,570.5042973583938,2.841550787000897,37.03487775294901,36.96875841165089,0.06611934129811914
18.535951043658187,73.88055951937297,0.3228985910470865,-0.0015503008942869,24.490804029210956,569.5568733775378,2.828686009297688,36.84744437238022,36.87206087207866,-0.024616499698446148
18.53640570053445,73.88103022662611,0.3221678992254212,-0.0042814331392632,24.492318887880906,569.1025204230004,2.747049706267342,36.76076886927011,36.78888325604501,-0.0281143867749023
18.536860356169537,73.88150093653294,0.311300466123206,-0.0022306204549518,24.494211743811096,568.6224942043469,2.692900169930547,36.88286545578587,36.922591212001535,-0.03972575621566676
18.5373150105652,73.88197164904095,0.3042081484225737,0.0013798927241119,24.49611393223869,567.9801159836895,2.819236385436744,37.09091103316524,37.11221050225527,-0.021299469090031664
18.53776966371624,73.88244236418606,0.3044355342508358,0.0006034150476393449,24.49804465469884,567.3241893235617,2.71679318119547,37.22054555395346,37.13499536617257,0.08555018778088908
18.53822431567334,73.88291308192025,0.305100547653529,0.0037200456753717,24.500000224285227,566.899648762899,2.7234340205462515,37.22921612684343,37.19278169543997,0.03643443140346392
18.538678966338917,73.88338380230844,0.3066196379027859,0.0058762282635545,24.50196581514101,566.6624284818519,2.6752935154360635,37.07947364140677,37.12436632393786,-0.04489268253109202
18.539133615749595,73.88385452528479,0.3303437101550708,-0.0078286775165047,24.503961280410696,566.3755625049165,2.622712237915695,36.88898395960115,36.83994486363364,0.04903909596750822
18.539588263935947,73.8843252509028,0.3300063232584145,-0.0077448572649499,24.50598273382633,566.1378798144059,2.666536049426393,36.806355466026886,36.8048144564149,0.001541009611983668
18.54004291087809,73.88479597914403,0.3180033983708262,-0.0029485120015513,24.508014950694733,565.9397475012306,2.6097217094536003,36.89845135327888,36.87820235218912,0.020249001089759133
18.54049755659441,73.88526670999295,0.3114961633920408,-0.0016275795364018,24.51007846970602,565.5762711864404,2.5913131094864275,36.94401761214322,36.93688467383774,0.007132938305481673
18.540952201081904,73.8857374434903,0.3158878294672451,0.0005403112045957975,24.51216919446833,565.4031041700983,2.621255762749022,36.93594539330781,36.91531829054017,0.020627102767640793
18.54140684427095,73.8862081795844,0.3271374634497622,-0.0028668859961848,24.51427148322631,565.5456165410338,2.6874651846189472,36.8294497736717,36.80269891157141,0.0267508621002861
18.54186148626128,73.88667891827315,0.3404955511427053,-0.0147472383262329,24.515958951601867,565.5806157577332,2.7633038713133,36.61396052461654,36.58531702953541,0.028643495081126957
18.54231612698474,73.88714965964866,0.3438156912597856,-0.0137130853100758,24.5180706019196,565.496923136663,2.8654824520273765,36.492299148429325,36.473801325509655,0.01849782291967017
18.542770766475144,73.88762040361989,0.3373179981590304,-0.0082253849730907,24.520243755110748,565.4597556312923,2.9341865465793977,36.44565084207491,36.51615135019963,-0.07050050812471653
18.54322540477158,73.8880911501739,0.3342434084286936,-0.0103475657825782,24.52245065364629,565.113244226923,2.800294049885416,36.423712669505896,36.491630970469174,-0.067918300963278
18.543680041743325,73.88856189938095,0.3360416372198056,-0.0161280739251033,24.52468872774027,564.8793769706244,2.7971121578172493,36.55463241659225,36.534479865514804,0.020152551077444514
18.544134677517413,73.88903265123076,0.3157960979522545,-0.0074546667229517,24.52693948813804,564.3579236516009,2.704359314168552,36.6792098907215,36.67649539825716,0.0027144924643422996
18.544589312047563,73.88950340566929,0.3106701765069224,-0.0018723473172919,24.52922571689024,563.7997740989244,2.736053682082752,36.72586905335141,36.70178303474895,0.024086018602460513
18.545043945352244,73.88997416273297,0.3254625850738106,-0.0082827826250204,24.53154463288581,563.3954887186204,2.4730410691166465,36.65951293084521,36.65542394816429,0.004088982680919173
18.545498577381807,73.89044492241446,0.3400702798180393,-0.0128034825574699,24.533877233206617,562.9087236000234,2.601283648335371,36.66846879840324,36.63737592456569,0.031092873837550883
18.54595320819732,73.89091568474147,0.3437673500239374,-0.0118194409437977,24.53624714607033,562.485111678503,2.7732777015737486,36.68751970727248,36.5737900577032,0.11372964956927945
18.546407837750696,73.89138644965062,0.3354009456437449,-0.0071967556784131,24.538651366352894,562.1156665416236,2.754035112306517,36.765931078455694,36.708802332538625,0.05712874591706907
18.546862466059316,73.8918572171926,0.3361203544545472,-0.0100218351507356,24.541098445751988,562.0992182736927,2.6835915789109204,36.664325950096334,36.615460419548135,0.04886553054819842
18.547317093134247,73.89232798735463,0.3481910631798992,-0.0142563674336717,24.54355832907792,561.8687639083812,2.7616142452432317,36.30763221758895,36.268899514964794,0.03873270262415929
18.54732264981776,73.8932753952667,0.3537214478853785,-0.0167733955312687,24.546554586375212,561.3165541169127,2.5877291515763026,36.07227430446283,36.027927914526835,0.04434638993599549
18.54777727341248,73.89374617071647,0.3622609527891892,-0.0181590622974629,24.54910186666178,561.0382226490225,2.5337115392975025,35.93232243352375,35.94371752998399,-0.01139509646024095
18.54823189576967,73.89421694878871,0.3521613614865774,-0.010929391987648,24.55163468857659,560.7515230876792,2.6119622203834263,35.7911639502523,35.79785325680907,-0.0066893065567725785
18.548686516855536,73.8946877295105,0.3559769571759393,-0.014224772390965,24.554215803744587,560.6714106329964,2.5432693731886884,35.64284455572981,35.73421738767808,-0.09137283194827006
18.54914113675104,73.89515851285273,0.352245620905308,-0.0111314476174775,24.556857225239213,560.4590291619523,2.6405224186956198,35.55123622419631,35.60362718390087,-0.0523909597045602
18.549595755377936,73.89562929877063,0.3439915722807027,-0.0078575540380339,24.559503089177408,560.2885815246658,2.7210014025342804,35.517169037880755,35.61571628035793,-0.09854724247717428
18.550050372712548,73.896100087336,0.346813243815684,-0.0114995755899739,24.562177169616977,560.1795114299025,2.79204530272439,35.529310493357464,35.574215098031885,-0.04490460467442148
18.55050498887053,73.8965708785173,0.3443033401950045,-0.0197389012621894,24.564910742649904,560.0566066230978,2.713057140185408,35.611134720555114,35.6277334515905,-0.016598731035387004
18.55095960379538,73.89704167230852,0.3387140580879958,-0.0311387805877562,24.567656769049297,559.7654978690435,2.8986988987484525,35.71986472723013,35.74933414323149,-0.029469416001361992
18.5514142174477,73.8975124687491,0.3292524807084388,-0.0315284986084695,24.570434940635806,559.3645022287222,2.9315620248887058,35.762852549812735,35.81320575062599,-0.05035320081325523
18.55186882989062,73.8979832678033,0.3308358781532552,-0.0244471661205591,24.573290952093878,559.531247885029,2.764858482353627,35.8759824700261,35.87531390888104,0.0006685611450620854
18.55232344107867,73.89845406945152,0.3286084100131353,-0.0130058641520217,24.57616044798336,559.9251695559205,2.5903200298551727,36.03395407778753,35.99984857358307,0.03410550420445446
18.552778050999,73.898924873751,0.3261772129542535,-0.0052249293953561,24.57904752459131,560.2882076966363,2.584513760715605,36.07505857209848,36.08707027077566,-0.012011698677184768
18.55323265968429,73.89939568062852,0.3221242712675037,-0.0032770855448533,24.58198732429764,560.4019293216896,2.6386434264093306,36.11140185848485,36.121951548318314,-0.010549689833467824
18.553687267135576,73.89986649015606,0.3262054621273419,-0.0034096307310542,24.585000062013552,560.5364417560792,2.604017400117704,36.13627211058096,36.11280778444366,0.023464326137300873
18.554141873355217,73.90033730228764,0.3314539269134948,-0.00019186106924693624,24.58802072026617,560.8194492038742,2.659330278077601,36.08444150785722,36.05905342381875,0.02538808403846815
18.55459647834723,73.90080811707121,0.3226525289964677,0.0126871341286602,24.591091894686343,561.0865216376991,2.736775089386424,36.14395200077953,36.16047655084655,-0.016524550067025245
18.555051082112147,73.90127893446524,0.3134603713762335,0.0140971114261964,24.59420637720552,561.2241265252125,2.5599960369964267,36.328339798784015,36.30973792708196,0.018601871702053074
18.555505684604142,73.90174975446058,0.3032284972668526,0.016502292940575,24.597349905343,561.2359122051924,2.5388139917769545,36.38384244303887,36.38200162656342,0.0018408164754504242
18.55596028584189,73.90222057706634,0.3032491722578931,0.0169675217592243,24.60054683134384,561.1611976440109,2.651480784605841,36.36554646916469,36.3662442476357,-0.000697778471007382
18.55641488590985,73.90269140233137,0.3061061553859034,0.0194646175337272,24.60378728616314,561.2782062668089,2.575681589480108,36.22890298032133,36.297045836506236,-0.06814285618490601
18.5568694846601,73.90316223018796,0.3206714648693606,0.0136750536307738,24.607364802269903,561.4712484338593,2.6848713326537306,36.14064519326612,36.17549174201478,-0.034846548748660666
18.557324082157667,73.90363306066973,0.3197204801023958,0.0222260042250639,24.61051510803869,561.8177592359784,2.551459188681512,36.175075807478095,36.24691191676145,-0.07183610928335327
18.557778678489857,73.90410389372502,0.3155986525735504,0.0276585949168024,24.61390162577548,562.0455377363799,2.589096735587826,36.2575112261097,36.355184756502815,-0.09767353039311644
18.558233273578114,73.90457472950233,0.3146443705104151,0.0215165680822288,24.61733512560729,562.187051321608,2.55463345399076,36.44665330793582,36.499920031923025,-0.05326672398720689
18.558687867376413,73.90504556781754,0.3123210980694832,0.0187918956188804,24.62080600564165,562.2122022853705,2.732794413948123,36.65097235849692,36.62128826210032,0.029684096396600523
18.559142459957283,73.90551640878091,0.310614320934271,0.0177084681982497,24.62433891147753,562.2826843400436,2.727365833610795,36.7357761989478,36.699046840832224,0.0367293581155792
18.559597051304305,73.90598725235306,0.2988002513670875,0.0227053813550609,24.62792640149376,562.3963710143705,2.6315584892111343,36.84340015852597,36.78702101166268,0.05637914686328571
18.560051641431013,73.90645809856427,0.3015674431553028,0.0186183514556966,24.631595541143174,562.6100485184905,2.648979553033545,36.78814127663739,36.771356207133984,0.01678506950340619
18.56050623027065,73.90692894735233,0.3121896780656275,0.0123134750886859,24.635299843955494,562.9227665736854,2.530477946479776,36.65915541837093,36.66531311760082,-0.0061576992298881805
18.5609608178814,73.90739979878609,0.3026096760514335,0.0175106904364402,24.63905614790949,563.6135510010938,2.5653985462608,36.65628282986426,36.6828256890016,-0.02654285913733645
18.56141540429272,73.90787065286324,0.2938610399090461,0.017546763969735,24.642847256285503,564.2594828006563,2.532924107321713,36.71549820835727,36.7339860541799,-0.01848784582263363
18.56186998942264,73.90834150954738,0.2852694555620958,0.0182700585663812,24.64671216836003,564.775570728827,2.5646320869063226,36.8134174351279,36.82234242400852,-0.008924988880615103
18.56232457334811,73.90881236880851,0.2867925501376492,0.0199898779913081,24.650649236547014,565.0954224199354,2.5911034055393056,36.88405147356215,36.883426749974795,0.0006247235873573231
18.56277915602711,73.90928323073594,0.2854677710027919,0.02311452052111,24.6546739296768,565.4661431035527,2.55355462376218,36.94896396502968,36.950489658032055,-0.0015256930023781479
18.56323373744284,73.90975409523536,0.2830938196751777,0.027084522229176,24.658692342188044,565.7269333034786,2.545086423564522,37.008210734917526,37.00047843111158,0.007732303805944696
18.563688317632465,73.91022496243053,0.2745637856978286,0.0298733972030217,24.662073420588268,566.0791334678189,2.4607244301233053,37.10915092725045,37.105639764605186,0.0035111626452604128
18.564142896601503,73.91069583218642,0.2726162682719754,0.0310433138393339,24.66402860621537,566.291006928668,2.5464160274397174,37.10942198329279,37.13572606669431,-0.026304083401520018
18.564597474301376,73.91116670459019,0.2579792097584212,0.0290709893613033,24.66580670426076,566.4324329747376,2.751161315872387,37.1856125575902,37.246281641976786,-0.060669084386589134
18.56505205076541,73.91163757956953,0.2604782583207326,0.0284876614833234,24.667332446282163,566.6457450615924,2.681509016728364,37.24505566970299,37.261165977615384,-0.016110307912391875
18.56550662602181,73.91210845719166,0.2617393208282927,0.030522947185273,24.66936214809403,566.4781993748796,2.66622593130748,37.39341943033143,37.33573237600394,0.057687054327487886
18.56596120003705,73.91257933743225,0.2456913133712404,0.0381559973764685,24.67144079059404,566.5503464569704,2.611900057498472,37.54049048718409,37.747033903749454,-0.206543416565367
18.566415772775297,73.91305022033298,0.2565455352750763,0.035214612801527,24.67356387998377,566.8833103497253,2.6999935379912183,37.72334555681422,37.60507074700294,0.11827480981128247
18.5668703442938,73.91352110577316,0.2421572062852111,0.0463987606542499,24.67571587800963,567.5615195508055,2.6960179670870925,37.99405678050883,38.030342544698506,-0.036285764189678105
18.567324914593563,73.91399199387567,0.2323754088425453,0.048304702646153,24.67790245308396,568.1247951017257,2.575785485335651,38.17257924594863,38.16287244303743,0.009706802911203738
18.56777948365821,73.91446288459474,0.240373495688553,0.0400409776790703,24.68013495220898,568.5705917524327,2.63217610824836,38.17631842680856,38.15506447585656,0.021253950951994227
18.56823405143316,73.91493377797276,0.2398590563054195,0.038586948271942,24.68238450866681,568.8026394739417,2.594306536585212,38.13734261557573,38.12097652985357,0.016366085722161472
18.568688618014487,73.91540467388326,0.223053407187123,0.0445040179704607,24.68468677733801,569.0815444803535,2.6106366539001047,38.11293920593298,38.131809186593884,-0.018869980660902286
18.569143183341417,73.91587557246532,0.2241680881820399,0.0420863256024918,24.687043216034745,569.7552683066642,2.5522872418646885,38.13826137634054,38.16126082285909,-0.022999446518554123
18.569597747459213,73.91634647366563,0.2238029799720676,0.0448217468019999,24.68941284201358,570.3330357760271,2.507185605489678,38.27225375532234,38.25218863669014,0.020065118632196288
18.57005231033184,73.91681737747015,0.2284896009695107,0.0485959526623531,24.691845579819105,570.7581088248274,2.4766859348411603,38.414527866168136,38.37596843757101,0.038559428597125134
18.570506871907885,73.91728828388308,0.228148561327731,0.0520199952954654,24.69433759085748,571.2474788517893,2.485993233427428,38.39948863517042,38.39067533593706,0.008813299233359828
18.57096143228713,73.91775919294957,0.2428332267146773,0.0506408502770888,24.696832871810688,571.7588166719947,2.459403056024639,38.34741700326224,38.35327695511742,-0.005859951855185841
18.571415991457545,73.9182301046058,0.2374368435954676,0.0483364538110359,24.699398958562263,571.906500907346,2.532095713541005,38.25268179153507,38.28338148714965,-0.030699695614579525
18.57187054938051,73.91870101891443,0.2232291583578268,0.0538911202365747,24.70202515881313,572.2720036575455,2.608420048106989,38.31057641638137,38.361263137672196,-0.0506867212908233
18.572325106030803,73.91917193578385,0.2226043053111774,0.0579227470632335,24.70467257730622,572.7835219595429,2.6091189161888164,38.49767877806389,38.51305821039321,-0.015379432329318377
18.57277966147276,73.91964285532735,0.2322528554023862,0.057423104728658,24.707387105246752,572.8285731546052,2.6744499642884487,38.59303683028144,38.56748227681579,0.025554553465653385
18.57323421563204,73.9201137774059,0.2416580100143026,0.0578281557149698,24.71016035510935,572.5921997333818,2.5921526589536814,38.52524156379117,38.522834964924414,0.0024065988667558713
18.57368876860847,73.92058470222487,0.2500690989391436,0.0631104402764707,24.712958862828064,572.6873413266545,2.656939685901184,38.514291577707255,38.527815177450414,-0.013523599743159309
18.574143320359138,73.92105562959729,0.2491196493243588,0.069149300307351,24.71583500225558,573.2659968490005,2.6603231157928424,38.76253779786192,38.71268720496077,0.04985059290114435
18.574597870806198,73.92152655956993,0.2427372316616487,0.0753840166997362,24.71877489948606,573.8643976868943,2.7533902149403047,38.9314269299323,38.914685203609494,0.016741726322806016
18.575052420091318,73.92199749219631,0.2538225501867714,0.0726573491738932,24.72174752802209,574.2286342604805,2.8492094111372266,38.8232234496353,38.72164997391617,0.10157347571912823
18.575506968074265,73.92246842742,0.2601892624584661,0.070245653047537,24.724813053461776,574.6708920221204,2.900627738016599,38.708311130353145,38.317614994046046,0.3906961363070991
18.575961514844348,73.92293936522769,0.2534920330466358,0.0696478729899872,24.72811386041572,575.0993850362406,2.9487846271629192,38.70495504124734,38.68166998053163,0.023285060715707573
18.57641606038725,73.92341030570688,0.2390155826893193,0.070536837138921,24.7317768744904,575.3924463002392,2.9528568046834387,38.80849386883836,38.80466739055948,0.0038264782788814955
18.576870604691127,73.92388124877543,0.2272567896570562,0.0732729108908097,24.735534044873265,575.9323573452343,3.108173680879092,39.065405663449575,38.99441575416449,0.07098990928508186
18.57732514778877,73.92435219450778,0.2175930253109312,0.0800575718420583,24.739373701354147,576.6936416184966,3.2935055860760896,39.30262272891507,39.23939565542267,0.0632270734923992
18.57777968957715,73.92482314280528,0.2171059674484496,0.0764189290355396,24.74327370783085,577.0149994386435,3.614970634259876,39.26352093561268,39.227795945479286,0.035724990133395806
18.57823423016916,73.925294093747,0.2326946203653866,0.073213701148784,24.74727206629349,576.9985760488385,3.618672513694172,38.97253809387183,38.939037156725746,0.03350093714608704
18.57868876954361,73.92576504727074,0.2261078514058376,0.0701985940646944,24.75136419723366,576.7904440017891,3.570093440274594,38.71109555108068,38.784398339753835,-0.07330278867315343
18.57914330764914,73.92623600345867,0.2308102389063046,0.0612507186407702,24.75552638123169,577.1539853181639,3.662474075054108,38.739495837212864,38.77578263816946,-0.036286800956595755
18.57959784453538,73.92670696224523,0.221136819806076,0.0652818775731684,24.75991324182109,577.9196218234187,3.8129320638809903,39.01058983041709,39.02100287162238,-0.01041304120528963
18.580052380154637,73.92717792364397,0.2167345763967426,0.0662500871801549,24.765377140024466,579.0942872836039,3.572689056793639,39.20502217152516,39.16121121525121,0.04381095627395126
18.580506914600324,73.92764888766037,0.2204369988477683,0.0651803073063679,24.769831250956635,580.0216573896851,3.4833548301847364,39.15577463479523,39.090557711040944,0.065216923754285
18.580512329483327,73.92859647053784,0.2176668237879521,0.064018357372069,24.77466636311425,580.5186035623414,3.5662176377148502,38.98050303485476,39.02690766471853,-0.04640462986376548
18.580966860079595,73.92906744005866,0.2129024548374452,0.0675104274236892,24.77938397703907,581.1766861627301,3.961650712640387,38.92996455880317,39.03169427792122,-0.10172971911804751
18.58142138947369,73.92953841221998,0.222920466817694,0.0690683110632074,24.7841816596944,582.2102092105915,4.1536440264992205,38.80601408659596,38.81440834925949,-0.008394262663529162
18.581875917572056,73.93000938697712,0.2341933821763978,0.0687700876433159,24.789125318611674,583.8669449187385,4.180660116878147,38.62637049484732,38.70408886501133,-0.07771837016400696
18.582330444494644,73.93048036440248,0.2450930183577639,0.0628707401521033,24.79418661539105,585.2356019157667,4.040641237558875,38.48524587898872,38.56668566607109,-0.08143978708236688
18.58278497018224,73.93095134442656,0.2447311636792701,0.0555130310799403,24.799338518350535,585.8981874792456,3.934178326289979,38.394180146343054,38.492641646097965,-0.09846149975491159
18.58323949458261,73.93142232702151,0.2508166680442106,0.048268214223253,24.804649900361728,586.5545079011215,3.973749086996902,38.46747909843791,38.46225910196652,0.005219996471396371
18.583694017774626,73.93189331223945,0.2345092210204236,0.0510173330895206,24.810093486430585,586.4956838443613,4.056747168692409,38.75762551050759,38.69380541831335,0.06382009219423423
18.584148539681745,73.93236430008062,0.2262527852533041,0.058946213215427,24.815646475287902,586.0508837180151,4.210236265881399,38.98878874403559,38.90093932663586,0.08784941739973107
18.584603060476294,73.9328352906017,0.2413929340258502,0.0582211767142957,24.821362943554565,585.0049969591627,3.957799788750666,39.02927038037825,38.947174824341666,0.08209555603658458
18.58505757997084,73.93330628370421,0.2390606916666528,0.055384345405572,24.82440969328874,583.5892648881941,3.86024091673639,38.945648567096136,38.873056056640436,0.07259251045569926
18.585512098160727,73.93377727933112,0.2282908598575851,0.0591457122965162,24.82562359712476,582.6004875393676,3.433223565235886,38.923068316016,38.93676499318922,-0.013696677173221872
18.58596661521897,73.93424827769086,0.222452503422806,0.0596008786546285,24.82686787187076,582.3106220086665,2.8998203969029137,38.90499266952532,38.92570287334772,-0.020710203822396522
18.586421130979733,73.9347192786281,0.2180829624714834,0.0612446557612283,24.828148399641808,582.967119753469,2.9793996802142377,39.01190417374684,39.04144789747728,-0.02954372373044123
18.586875645558848,73.93519028220715,0.2063011142132781,0.0622539063991057,24.829463487798925,583.8390919834161,2.814580460724472,39.17842960613837,39.215002157663996,-0.036572551525623
18.587330158855504,73.93566128835586,0.2187724045810718,0.0511495298259845,24.83081277551544,584.3883906621832,2.5834559661982586,39.17770337259535,39.14343134914359,0.034272023451762834
18.58778467092381,73.93613229714511,0.2197969023203235,0.05209385686982,24.83172874084419,584.7009212229848,2.595914643224802,39.096141591639785,39.089605964337466,0.006535627302319824
18.588239181785507,73.93660330861086,0.2174630945951575,0.0551959507245878,24.832211347780564,585.2211710869899,2.7647777232483497,39.09656895957127,39.119253757231064,-0.022684797659792366
18.58869369135446,73.93707432257688,0.2155774149090239,0.0592216914492062,24.833655402430548,585.6656166309251,2.6619433846568774,39.174532044413546,39.17640049892901,-0.0018684545154670218
18.5891481997494,73.93754533917907,0.1996926891822423,0.0611283126081292,24.835129757710565,586.2374606805827,2.4811209164123893,39.32951174781091,39.371571475961815,-0.0420597281509032
18.58960270689083,73.93801635845331,0.2046455780065369,0.063468735895895,24.83669007081035,586.7678546928258,2.560315422824557,39.654509859295686,39.52828344702334,0.1262264122723451
18.59005721278466,73.93848738033378,0.1915060046901723,0.0706661119075292,24.838267414855174,587.9942769791892,2.671677850196889,39.938808013566735,39.912962879859236,0.025845133707498746
18.590511717468864,73.93895840483552,0.1902693980980649,0.0694688224649218,24.83988085741057,588.7562795757405,2.519754810213424,39.93612376260709,39.92208859792532,0.014035164681772017
18.59096622090921,73.93942943192155,0.1896783594472929,0.0801671580004114,24.841588665619117,589.6236486075887,2.7037616185890307,39.84594236326456,39.873739022153444,-0.02779665888888161
18.591420723098224,73.93990046164733,0.1990538468321538,0.081122084524399,24.843318636941028,590.5104121011881,2.738923130081476,39.79417455676549,39.713660124436664,0.08051443232882605
18.59187522405475,73.94037149398915,0.1972267518778456,0.0826572237196426,24.845091719103607,591.4168220568527,2.717064623986913,39.76779896301464,39.77900781110094,-0.011208848086297962
18.592329723802028,73.94084252891051,0.1853305043695795,0.0864936860012631,24.846969079185573,592.1408260496597,3.119456566472428,39.89646818729688,39.947666611531716,-0.05119842423483334
18.592784222312527,73.94131356647799,0.1806962392942122,0.080706383803141,24.848874945472915,592.9579744176717,3.3483745728099823,40.138651140383736,40.10374720586317,0.03490393452056395
18.593238719566216,73.94178460667464,0.1809242270484005,0.0826350789696825,24.850832472472884,593.644696788111,3.477884192481424,40.25908793516421,40.18128450738736,0.07780342777684979
18.593693215613676,73.94225564948529,0.17844842242591,0.0875519626241162,24.85290607481829,594.5786146653086,3.345699743950289,40.20408099348828,40.20309686893301,0.0009841245552735245
18.594147710394022,73.9427266949032,0.1852418263435964,0.081531026349039,24.855016084998848,595.2495559502667,3.3984936389701748,40.22331272873257,40.263097573220705,-0.03978484448813191
18.59460220394187,73.9431977429095,0.1881668887894655,0.0786709889206001,24.857188274200222,595.6421414817383,3.1773200627680938,40.28360028138727,40.317740010698714,-0.03413972931144116
18.595056696281237,73.94366879354588,0.1989562238487894,0.0711290149497523,24.85949072743592,595.4949794937062,2.9750733530090163,40.43213280127935,40.26032658533913,0.17180621594022227
18.595511187410743,73.94413984684037,0.1902963212238111,0.0843424724612263,24.861839519683457,595.4239891441161,2.956289281842878,40.55068692689685,40.45026911130506,0.10041781559178986
18.595965677237803,73.9446109026783,0.1815029535402099,0.0984047268641166,24.86426356065382,595.429244213194,3.107488070131532,40.54439035524153,40.436118754962095,0.10827160027943705
18.596420165911805,73.9450819612115,0.1970357376294401,0.0962827221398054,24.866835128722062,594.9485779557639,2.9662070093861623,40.12818534256363,40.147888755043574,-0.019703412479941562
18.5968746533064,73.94555302231579,0.209107226951893,0.0857287784842378,24.86946564452586,594.1146387172906,3.003905449113628,39.758475466725365,39.731000521157085,0.027474945568279452
18.59732913944191,73.94602408603515,0.2006158823809897,0.0913526230466813,24.872187831453303,593.380738907548,2.933174320549212,39.74328619033041,39.71808341876943,0.025202771560977055
18.59778362439459,73.94649515236705,0.1911780586228199,0.0951707688970528,24.87507882065865,593.2571360540285,2.722087640848048,39.94285992859199,39.95808969528785,-0.015229766695860292
18.598238108083688,73.94696622130836,0.1925252503329348,0.0902205275701701,24.878044950611287,593.0862267323522,2.906513601238283,40.0908404912005,39.99441317631067,0.09642731488983003
18.59869259046882,73.94743729284811,0.1958290383647717,0.0919397622267533,24.881123647878372,593.3474725440042,2.8614789650883687,39.77810986082735,39.78316289114116,-0.005053030313810325
18.599147071746355,73.94790836708232,0.2005567863328938,0.0939551836167253,24.88439774645785,593.2164756700249,2.8517877647558603,39.42554045020402,39.504426752702344,-0.07888630249832573
18.59960155181769,73.94837944391409,0.1995814279888439,0.0950084013128813,24.88776805619275,592.9865404886644,2.782601240744759,39.31457257460027,39.39326944658661,-0.07869687198633812
18.60005603052415,73.9488505232534,0.1998577408859871,0.0978328029048387,24.89127790313463,593.4311116467794,2.7563061804058715,39.576119432619,39.57643515464539,-0.0003157220263858562
18.600510508020104,73.94932160528093,0.1926379129261218,0.0982026359851618,24.895016948282883,593.9174902566962,3.1645257575110035,39.85188304076703,39.86393657712216,-0.012053536355132621
18.60096498437322,73.94979268994648,0.1935366629571663,0.1034383276781194,24.898880036372987,593.7408974445422,3.1290426470792774,39.82305276146598,39.81715006569817,0.005902695767808552
18.6014194594167,73.95026377721072,0.1979437756075777,0.1067158503883981,24.902918040185305,592.449762869707,2.972678673089713,39.568779886859545,39.611359312723735,-0.04257942586419006
18.60187393326288,73.9507348670694,0.2118881270732708,0.0902916149500192,24.90722897875788,591.0084234158584,3.3151364322612724,39.37569283629083,39.33338429363373,0.04230854265710349
18.60232840590472,73.95120595965437,0.2291579299717589,0.0787364927618358,24.911701365765342,590.1126853885673,3.341637624059446,39.22738800496461,39.21575096456855,0.011637040396060172
18.60278287725509,73.95167705470813,0.2375190741538898,0.063627680729235,24.916395951118385,589.2850258175553,3.126741460970887,39.20442989833307,39.19328197216412,0.011147926168945332
18.603237347355616,73.95214815240352,0.2473600563582189,0.0633419367385803,24.92142126911479,588.769646065053,3.114423648651554,39.2589496070029,39.142124482383366,0.1168251246195311
18.60369181623702,73.9526192527067,0.2302538767644696,0.0793583235019692,24.92665933124956,588.4224090462146,3.002160235906558,39.23840164159029,39.19614411368782,0.04225752790247128
18.6041462839282,73.95309035569112,0.237549927441834,0.0757630222754787,24.932184166582143,587.9690101010098,2.8113532068182843,39.04106740362727,39.06852970142213,-0.027462297794862423
18.604600750434404,73.95356146132039,0.2389709076473047,0.0810780715363303,24.93811798580672,587.9037195711616,2.942133921970871,39.001661284935885,39.041204791254046,-0.03954350631816084
18.60505521560592,73.9540325694284,0.2396249774266953,0.0918865175586771,24.944336576752523,587.4638941926074,3.0190231161175505,39.05884289243988,39.068838882266625,-0.009995989826748541
18.605509679530027,73.9545036802023,0.2157467818371703,0.0992556031382223,24.95093239990393,587.8032149367506,3.0981525025111267,39.17935529010269,39.19409877491855,-0.014743484815859631
18.60596414235893,73.95497479369776,0.2123552405582953,0.0978506147463556,24.958046189944877,588.9030131611956,3.1105525241235568,39.22416730930847,39.23032936895526,-0.0061620596467903965
18.606418603905176,73.95544590975646,0.2152641866294241,0.0990095326233268,24.965548770773307,590.3709882952616,3.076984204881562,39.160002937005615,39.191006801744855,-0.031003864739240328
18.606873064153117,73.95591702830647,0.2014113952072111,0.103286226920509,24.97355918399336,591.1177130318172,2.9929518996857243,39.25493940047164,39.30578974920704,-0.050850348735394846
18.60732752311267,73.95638814947151,0.2018635204281638,0.1037283707923878,24.982244525833263,591.878227710645,3.265970032869668,39.43040932361114,39.42800967250112,0.002399651110017942
18.607781980944097,73.95685927340216,0.2087628031218436,0.1103033950009025,24.991474044112685,592.725110778992,3.56169313803872,39.63253795327578,39.56247822346667,0.07005972980910968
18.60823643756874,73.95733039990225,0.2015120808115753,0.1288134293315921,25.00140694198988,593.242083078387,4.115219459013285,39.73046239575604,39.678164127301166,0.052298268454876506
18.60869089292107,73.9578015290059,0.2030813142268333,0.1300253002234758,25.012250161190305,593.5837057359432,4.773738562942338,39.76038353544577,39.68280903095944,0.07757450448632852
18.60914534707017,73.95827266074903,0.21398112520644,0.1180506523938181,25.02387948871862,595.0786384284115,5.2998159519329775,39.551739671618215,39.5120753667683,0.039664304849914345
18.609599800031017,73.95874379506778,0.2208372345908694,0.1127825628640183,25.03651840200302,596.5842914233016,5.575817913756333,39.4102703288131,39.32481208001091,0.08545824880219044
18.61005425163026,73.9592149320126,0.2137293028467059,0.1253684241546171,25.050438669448297,598.2150995548556,6.814267466360022,39.22644950691004,39.241945136360165,-0.01549562945012184
18.61050870198095,73.95968607146196,0.2201820233690782,0.1286343594542785,25.06554175913241,599.3813079386482,7.633605503793592,39.06170039098858,39.08000282427776,-0.018302433289186126
18.610963151213124,73.96015721370105,0.22023984963861,0.1337171784713726,25.068752571078107,601.7534776844896,8.128385736205303,38.94465366050676,39.02033175412289,-0.07567809361613342
18.61141759920373,73.96062835848014,0.2007152926714283,0.1406432083956588,25.068752571078107,602.9412191582,7.947062672802623,38.9936023143039,39.05109849647468,-0.05749618217078023
18.61187204597268,73.96109950592307,0.1944726537321069,0.1463190313431288,25.068752571078107,602.7392638036813,7.5733610903999375,39.03837484350875,39.08705552676171,-0.04868068325296093
18.6123264914533,73.96157065586918,0.1880696435023143,0.1453544908943864,25.068752571078107,597.833458099397,8.657098886887757,38.91519519141613,39.03969599772479,-0.12450080630866012
18.61278093568684,73.96204180851484,0.1861313799630347,0.1404121932740254,25.068752571078107,591.2811056853086,8.332675943816188,38.895249051044736,39.02205102081558,-0.12680196977084535
18.613235378757118,73.96251296373416,0.18831465728912,0.1414584123880004,25.068752571078107,586.2826435751033,6.15379204883287,39.07232798627725,39.121571774581994,-0.049243788304742964
18.61368982063366,73.96298412169067,0.2000098558935591,0.1399484838936707,25.068752571078107,581.5681100871103,5.169505385684092,39.25946929001491,39.280545971684006,-0.02107668166909349
18.614144261149136,73.96345528208928,0.2192649401799689,0.1299843979101402,25.068752571078107,579.1829109104754,5.244962745206937,39.40402391891062,39.36806441036838,0.035959508542234175
18.61459870045445,73.96392644507492,0.217073313671454,0.1341049567631849,25.068752571078107,576.5561224489795,5.763371688534103,39.56570565192289,39.49121557227913,0.07449007964375909
18.61505313870582,73.964397610926,0.2187542425920968,0.1288312958722986,25.068752571078107,574.1540809768638,5.452456728866035,39.47224348567161,39.42677703798267,0.04546644768894481
18.615507575541265,73.96486877924329,0.251538962584575,0.1059576570891656,25.068752571078107,569.927451604912,5.371899528796628,38.85482172995436,38.94718381932262,-0.09236208936825818
18.615962011245657,73.96533995003898,0.2798410833696486,0.0882598821305333,25.068752571078107,565.4740280182589,4.602361056594175,38.14127884766136,37.92763440762107,0.21364444004029082
18.616416445579585,73.9658111236587,0.2827823027104089,0.0932471991767076,25.068752571078107,561.8359879656666,3.856406139128475,37.4238694593523,37.2685231282421,0.15534633111019502
18.616870878821043,73.96628229971341,0.2878286822701992,0.0843775131838351,25.068752571078107,559.9889726339217,3.730782643661806,36.94732650794326,36.86194060158985,0.08538590635340881
18.61732531070019,73.96675347860857,0.2863395769192984,0.0740822239665817,25.068752571078107,559.9276774117368,4.668571229716595,36.66616750608927,36.73474008967319,-0.06857258358391505
18.61777974147647,73.96722465974078,0.2657231394119682,0.0841229817986502,25.068752571078107,558.437947409455,6.299058687859634,36.71982051068469,36.826987102640445,-0.10716659195575318
18.618234170999184,73.96769584388214,0.3315311170592251,0.0292092225543949,25.068752571078107,554.338666428316,4.574189967256127,36.341573607612645,36.24411020929005,0.09746339832259565
18.61868859933938,73.96816703049407,0.3608404478419866,-0.0106107123452174,25.068752571078107,553.0264285714284,2.5856817716256915,35.9580529322643,35.86380524402069,0.09424768824361252
18.619143026363137,73.96863821975673,0.3834825782948949,-0.0379879195536688,25.068752571078107,550.7489161849711,3.685994685299351,35.43462296501808,35.55400531364953,-0.11938234863145425
18.619597452225157,73.96910941147998,0.5124065411531069,-0.0924044031034178,25.068752571078107,550.7750647428783,3.3458170883461533,33.97311474981134,34.46702580255465,-0.49391105274331437
